quote_id,degree_id,code
647,2,Courses
2273,2,Skills
1774,3,Courses
3062,3,Impact
3062,3,Skills
480,3,Courses
3061,3,Mission
2270,4,Target group
2270,4,Skills
306,4,Courses
306,4,Requirements
221,7,Broader impact
1589,7,Courses
2873,7,Mission
2873,7,Skills
3045,7,Target group
3045,7,Impact
1599,9,Courses
562,9,Skills
1263,9,Impact
1263,9,Mission
1263,9,Jobs
617,15,Courses
271,15,Mission
2429,15,Impact
2429,15,Skills
2036,16,Courses
2610,16,Skills
2449,16,Impact
2449,16,Target group
2608,16,Mission
1278,16,Impact
1278,16,Skills
2327,16,Skills
1276,18,Skills
2875,18,Jobs
2559,18,Mission
993,18,Requirements
993,18,Requirements
968,18,Courses
1148,19,Target group
381,19,Impact
2007,19,Tools
2007,19,Skills
2934,19,Impact
1997,19,Mission
1113,19,Tools
1113,19,Skills
1997,19,NA
1829,19,Impact
3198,19,Courses
1824,19,Requirements
2203,21,Definition
759,21,Courses
1853,23,Mission
2763,23,Requirements
416,23,Courses
687,23,Requirements
1119,23,Courses
677,23,Requirements
730,23,Requirements
895,24,Courses
1931,24,Courses
751,24,Requirements
2060,24,Requirements
1659,24,Requirements
986,24,Requirements
407,24,[??]
2699,24,Impact
2699,24,Mission
277,24,Skills
1453,24,Skills
2641,24,Interdisciplinary
2021,24,Skills
2021,24,Impact
2656,25,Mission
3025,25,Target group
2597,25,[??]
859,25,Broader impact
1965,25,Skills
876,25,Requirements
669,25,Courses
2678,26,Mission
3233,26,Impact
3215,26,Skills
2285,26,Requirements
1792,26,Courses
2986,29,Mission
2239,29,Skills
264,29,Impact
2378,29,Jobs
2903,29,Jobs
1207,29,Courses
1208,29,Courses
1209,29,Courses
1210,29,Courses
1211,29,Courses
1212,29,Courses
1213,29,Courses
1215,29,Courses
1214,29,Courses
1216,29,Courses
1217,29,Courses
1467,30,Courses
2103,30,Requirements
1465,30,Courses
2349,30,Skills
2777,30,Mission
2781,30,Skills
2781,30,Mission
2781,30,Broader impact
3263,30,Impact
296,30,Impact
3193,31,Skills
3193,31,Tools
1662,31,Ethical issues
1662,31,[!!]
565,31,Ethical issues
1670,31,Requirements
3056,31,Interdisciplinary
2226,31,Tools
2226,31,Skills
1661,31,Ethical issues
831,31,Courses
430,31,Courses
818,31,Courses
1374,31,Ethical issues
1665,27,Mission
216,27,Skills
1960,27,Impact
541,27,Skills
1015,27,Courses
3375,32,Impact
666,32,Courses
1145,32,Target group
3190,32,Skills
1563,34,Definition
3186,34,Skills
2023,34,Skills
920,34,Courses
947,34,Courses
433,34,Requirements
946,34,Courses
961,34,Courses
960,35,Courses
3331,35,Mission
213,36,Courses
2068,36,Requirements
2206,36,Courses
2521,36,Impact
2521,36,Mission
3246,36,Skills
2550,38,Mission
2282,38,Requirements
903,38,Courses
2230,38,Requirements
2635,41,Mission
458,41,Skills
2295,41,Broader impact
2758,41,Requirements
2105,41,Skills
865,41,Courses
249,44,Definition
3199,44,Target group
3212,44,Skills
2053,44,Courses
1586,45,Courses
2373,45,Courses
2006,45,Courses
1050,45,Courses
1053,45,Courses
1055,45,Courses
1365,45,Courses
2202,45,Courses
274,45,Mission
1763,47,Courses
2711,47,Mission
2711,47,Skills
215,47,Skills
215,47,Impact
3241,47,Skills
2979,48,Mission
706,48,Interdisciplinary
706,48,Accreditation
2771,48,Skills
2118,49,Skills
2118,49,Tools
1440,54,Courses
2811,54,Mission
2099,54,Requirements
420,54,Skills
2380,54,Impact
1091,56,Impact
1668,56,Mission
238,56,Requirements
1904,56,Mission
1321,56,Courses
570,58,Mission
2493,58,Broader impact
766,58,Courses
670,58,Ethical issues
1269,59,Impact
220,59,Requirements
3402,59,Impact
3400,59,Skills
3393,59,Skills
765,59,Courses
3393,59,Skills
1380,60,Impact
1435,60,Courses
2155,60,Courses
1369,60,Skills
3298,60,Impact
3055,61,Mission
2044,61,[??]
1653,61,Skills
3313,61,Impact
3108,61,Requirements
780,62,Skills
780,62,Mission
1472,62,Impact
1472,62,Skills
1162,62,Skills
1162,62,Impact
1320,62,Courses
1533,64,Tools
1533,64,Skills
1533,64,Broader impact
568,64,Definition
1125,64,NA
2138,66,Target group
380,66,Jobs
3294,66,Target group
1510,66,Impact
3392,66,Ethical issues
3392,66,Broader impact
3408,66,Skills
571,66,Skills
1624,66,Ethical issues
1624,66,Broader impact
542,66,Ethical issues
542,66,Broader impact
2691,50,Target group
3023,50,Mission
3023,50,Skills
379,50,Impact
379,50,Impact
1493,50,Skills
1638,67,Impact
2785,67,Mission
3124,67,Impact
672,67,Courses
1941,70,Courses
2794,70,Requirements
685,70,Mission
701,71,Courses
2132,71,Requirements
2132,71,Courses
699,71,Courses
699,71,Requirements
697,71,Impact
697,71,Mission
697,71,Skills
697,71,[??]
3334,71,Skills
696,71,Impact
3335,71,Skills
695,72,Mission
3334,72,Skills
694,72,Skills
2837,72,Broader impact
3335,72,Skills
701,72,Courses
2516,74,Mission
1564,74,Skills
606,74,Impact
3281,74,Mission
3258,74,Courses
3258,74,Industry
2253,74,Tools
2253,74,Industry
3274,74,Tools
3274,74,Impact
1657,74,Impact
1657,74,Industry
3391,74,Impact
574,74,Industry
675,74,Industry
675,74,Courses
292,74,Industry
1011,74,Ethical issues
1011,74,[!!]
1010,74,Ethical issues
717,74,Industry
573,74,Mission
3267,74,Broader impact
1555,74,Courses
1353,75,Skills
854,75,Courses
1324,75,Fluff
2163,76,Courses
2164,76,Courses
246,77,Skills
246,77,Mission
1650,77,Impact
2890,77,Mission
913,77,Skills
3227,77,Impact
1779,77,Skills
1779,77,Impact
1455,80,Definition
1996,80,Broader impact
3030,80,Jobs
2018,80,Skills
2056,80,Courses
2056,80,Requirements
1628,81,Mission
1628,81,Impact
263,81,Impact
499,81,Skills
3226,81,Impact
1482,81,Skills
2305,81,Jobs
2263,81,Skills
2248,81,Jobs
341,81,Requirements
2248,81,Jobs
2331,82,Impact
2331,82,Mission
2255,82,Impact
2255,82,Skills
2255,82,Skills
1871,84,Courses
2591,84,Requirements
2591,84,Courses
624,84,Courses
2260,84,Skills
2260,84,Mission
1547,84,Impact
1491,84,Skills
261,84,Impact
236,84,Impact
236,84,Jobs
2261,84,Skills
2808,83,Mission
340,83,Requirements
536,83,Skills
3358,86,Courses
2774,87,Mission
2774,87,Interdisciplinary
1852,87,Impact
487,87,Interdisciplinary
487,87,Impact
1967,87,Industry
1304,87,Mission
1607,87,Target group
1646,87,Impact
991,87,Courses
1468,87,Ethical issues
1468,87,Law-policy
2054,90,Courses
2835,90,Impact
2835,90,Mission
2975,90,[??]
2836,90,Courses
1359,89,Mission
312,89,Courses
702,91,Definition
3317,91,Mission
3321,91,Skills
2874,94,Mission
1154,94,Mission
1325,94,Mission
1303,94,Jobs
1343,94,Courses
1469,94,Law-policy
2797,97,Mission
3327,97,Impact
1911,97,Skills
1246,97,Courses
2347,97,Requirements
1594,99,Courses
325,99,Requirements
272,99,Mission
842,100,Courses
1138,100,Skills
3248,100,Impact
1452,100,Target group
511,100,[??]
1234,100,Impact
2254,88,Skills
749,88,Courses
419,88,Courses
1697,88,Courses
2141,88,Courses
2143,88,Courses
676,88,Courses
2020,102,Mission
1874,102,Jobs
658,102,Skills
1991,102,Industry
2047,102,Courses
2703,103,Mission
2703,103,Interdisciplinary
1378,103,Interdisciplinary
1378,103,Industry
2342,103,Industry
2342,103,Interdisciplinary
2342,103,Skills
1601,103,Impact
3329,103,Skills
3329,103,Impact
1761,103,Courses
1761,103,Requirements
304,104,Courses
3299,104,Target group
3047,104,Impact
3047,104,Mission
2596,104,Fluff
1379,104,Fluff
1979,105,Requirements
431,105,Courses
816,105,Courses
1741,105,Courses
2130,105,Courses
2200,105,Courses
3063,105,Mission
2350,105,Requirements
2287,105,Requirements
2318,105,Requirements
2183,107,Courses
2991,107,Tools
2707,107,Mission
2190,107,Skills
2190,107,Tools
524,107,Skills
2376,108,Target group
3058,108,Mission
3110,108,Skills
2333,108,Tools
2716,108,Mission
987,108,Industry
2277,108,Skills
3110,108,Tools
593,108,Requirements
593,108,Courses
590,108,Ethical issues
3060,110,Target group
3060,110,Mission
3060,110,Impact
2272,110,Jobs
2272,110,Skills
2272,110,Impact
2892,110,Industry
1920,110,Courses
1920,110,Ethical issues
1920,110,[!!]
1920,110,Broader impact
915,110,Skills
915,110,Courses
2577,110,Requirements
1631,110,Ethical issues
1631,110,Courses
1630,110,Courses
3269,110,Skills
1632,110,Courses
1632,110,Ethical issues
2323,110,Ethical issues
2323,110,Broader impact
2339,110,Ethical issues
2339,110,Broader impact
3120,110,Broader impact
894,110,Courses
945,112,Courses
2681,112,Mission
1302,112,Requirements
2416,113,Mission
2926,113,Impact
2400,113,Requirements
1042,114,Courses
674,114,Courses
1651,114,Mission
1139,114,Skills
2359,118,Courses
2806,118,Mission
2505,118,Skills
2812,119,Mission
1161,119,Skills
1822,119,Courses
1338,119,Courses
450,119,Courses
1686,119,Courses
741,119,Courses
727,119,Courses
2566,116,Mission
2025,116,Courses
1755,120,Courses
1716,120,Skills
3275,120,Mission
3275,120,Impact
3275,120,Skills
1412,120,Impact
1574,122,Definition
2441,122,Target group
2441,122,Mission
301,122,Courses
2627,117,Mission
1301,117,Impact
1301,117,Skills
1300,117,Skills
2628,117,Target group
3027,117,Interdisciplinary
2575,117,Impact
2940,117,Target group
1137,117,Skills
1137,117,Impact
1743,117,Courses
1752,117,Law-policy
1654,123,Mission
505,123,Skills
505,123,Skills
3381,123,Impact
3378,123,Impact
3378,123,Skills
949,124,Courses
2441,124,Mission
2726,125,Mission
3064,125,Interdisciplinary
1296,125,Impact
1140,125,Skills
1341,125,Courses
1980,126,Courses
1124,126,Requirements
2663,126,Mission
503,126,Skills
503,126,Impact
3140,126,Mission
2492,126,Skills
548,127,Definition
2694,127,Target group
1811,127,Jobs
1718,127,Skills
995,127,Requirements
2077,127,Requirements
1254,127,Courses
2440,128,Mission
2439,128,Target group
2439,128,Target group
1612,128,Target group
1612,128,Impact
1606,128,Target group
1606,128,Target group
1381,128,Impact
284,128,Skills
2011,128,Tools
2460,128,Requirements
284,128,Skills
1567,128,Courses
1649,129,Skills
298,129,Impact
298,129,Skills
761,129,Courses
762,129,Courses
760,130,Courses
1847,130,Mission
405,130,Skills
1526,131,Mission
275,131,Target group
2336,131,Skills
533,131,Skills
533,131,Impact
1918,132,Skills
1187,132,Industry
1801,133,Impact
3013,133,Tools
3013,133,Skills
1800,133,Interdisciplinary
2236,133,Target group
1704,133,Target group
1232,133,Courses
2733,133,Courses
1797,133,Courses
2216,134,NA
2294,134,Skills
3355,134,Courses
1780,135,Courses
424,135,Skills
613,137,Courses
664,137,Mission
3138,137,Impact
3138,137,Impact
2946,138,Mission
305,138,Courses
2698,139,Mission
1330,139,Target group
2894,139,Skills
2481,139,Requirements
1739,139,Courses
1950,139,Requirements
2849,140,Impact
2849,140,Mission
2325,140,Skills
1753,140,Courses
1415,140,Skills
652,143,Courses
1694,143,Skills
3311,144,NA
3311,144,Skills
1828,144,Requirements
683,144,[??]
716,144,Skills
716,144,Courses
888,144,Skills
888,144,Courses
888,144,Tools
889,144,Courses
889,144,Skills
889,144,Tools
890,144,Tools
890,144,Courses
2654,144,Impact
2654,144,Skills
2974,144,[??]
884,144,[??]
3188,144,[??]
2668,145,Interdisciplinary
390,145,Skills
2228,145,Requirements
2131,145,Courses
1561,145,Ethical issues
2345,145,Requirements
980,145,Courses
366,146,Target group
2848,146,Mission
1022,146,Skills
1233,146,Requirements
977,146,Courses
1559,147,Courses
2033,149,Courses
2032,149,Requirements
449,149,Requirements
3012,149,Requirements
1241,149,Requirements
3156,149,Skills
3156,149,Mission
1870,149,Mission
1870,149,Skills
2734,152,Mission
3195,152,Skills
2605,152,Skills
2626,152,Ethical issues
1728,152,Courses
2754,153,Mission
387,153,Requirements
1864,153,Mission
389,153,Requirements
2816,153,Requirements
525,153,Courses
1742,154,Impact
1742,154,Mission
659,154,Skills
1126,157,Requirements
1552,157,Courses
2406,157,Skills
2406,157,Mission
2847,158,Target group
2530,158,Jobs
2530,158,Mission
133,158,Skills
139,158,Jobs
1092,158,Definition
1418,158,Jobs
833,158,Courses
1253,158,Courses
3243,159,Skills
1772,160,Courses
2419,160,Mission
2419,160,Impact
2420,160,Skills
2713,162,Mission
698,162,Impact
1389,162,Courses
1335,162,Requirements
834,162,Requirements
963,162,Courses
1243,162,Requirements
1773,162,Courses
2937,166,Skills
2050,166,Courses
2012,166,[??]
244,166,NA
244,166,NA
2868,148,Mission
529,148,Courses
1843,148,Courses
680,156,Mission
640,156,Courses
2083,156,Requirements
1640,167,Skills
2843,169,Mission
1544,169,Requirements
1354,169,Skills
1354,169,Impact
787,169,Interdisciplinary
787,169,NA
1001,170,Fluff
1542,170,Skills
3229,170,Impact
708,170,Jobs
708,170,Skills
708,170,Broader impact
1959,170,Broader impact
1397,170,Impact
1397,170,co-op
3213,170,Impact
3213,170,Skills
3105,172,Mission
422,172,Impact
1648,172,Skills
1376,172,Requirements
1620,172,Courses
1619,172,Courses
729,172,Requirements
1250,172,Requirements
1179,172,Courses
872,173,Requirements
2026,173,Courses
2736,173,Impact
3209,173,Skills
2616,176,Impact
2616,176,Mission
3319,176,Mission
3319,176,Impact
3319,176,Broader impact
3319,176,Ethical issues
1817,176,Interdisciplinary
2235,176,Broader impact
2235,176,Law-policy
254,176,Skills
254,176,Impact
254,176,Law-policy
1393,176,Courses
1937,176,Law-policy
1613,177,Requirements
2757,177,Skills
1789,177,Requirements
1068,177,Courses
3037,178,Mission
807,178,Courses
2535,179,Tools
1256,179,[??]
1923,179,Impact
3347,179,Interdisciplinary
150,179,Courses
162,179,Requirements
157,179,Courses
170,179,Requirements
180,179,Requirements
3344,179,Broader impact
3390,179,Broader impact
3390,179,Skills
3344,179,Broader impact
3345,180,Fluff
1946,175,Skills
1946,175,Mission
707,175,Skills
1946,175,Mission
435,175,Jobs
864,175,Skills
1428,175,Skills
1582,175,Courses
265,181,Interdisciplinary
3324,181,Mission
3324,181,Interdisciplinary
3324,181,Impact
783,181,Broader impact
783,181,Impact
365,181,Skills
365,181,Mission
2457,181,Requirements
1573,181,Courses
2457,181,Requirements
365,181,NA
2908,183,Mission
1345,183,Requirements
965,183,Courses
1984,183,Requirements
966,183,Courses
2201,183,Requirements
1806,183,Courses
788,183,Requirements
2125,183,Courses
1935,183,Courses
2004,183,Courses
728,183,Requirements
2126,183,Courses
1511,182,Fluff
2221,182,Requirements
3346,182,Interdisciplinary
110,182,Skills
110,182,Definition
4,182,Courses
157,182,Courses
2188,182,Tools
868,184,Courses
2696,184,Target group
2518,184,Mission
2332,184,Impact
2332,184,Skills
2332,184,Skills
2332,184,Impact
2301,184,Courses
2695,185,Target group
2718,185,Mission
2718,185,Skills
2482,185,Skills
479,185,Skills
1548,185,Skills
1314,185,Skills
867,185,Courses
2079,185,Courses
3168,186,Skills
3168,186,Mission
1757,186,Courses
1758,187,Courses
700,187,Definition
2297,187,Skills
2297,187,Impact
879,194,Courses
1284,194,Ethical issues
1355,194,Ethical issues
1284,194,Ethical issues
2858,194,Mission
517,194,Skills
413,194,Interdisciplinary
660,194,Skills
660,194,Impact
660,194,Jobs
2651,188,Mission
856,188,Requirements
343,188,Courses
821,188,Requirements
344,188,Courses
1251,188,Requirements
350,188,Courses
638,197,Mission
1885,197,Target group
3388,197,Impact
3388,197,Industry
1499,197,Skills
1499,197,Impact
1293,197,Impact
3099,197,Target group
1500,197,Impact
1500,197,Skills
3185,197,Requirements
1684,197,Courses
929,198,Courses
2867,198,Impact
2867,198,Mission
1609,198,Skills
2740,195,Skills
2740,195,Mission
2473,195,Tools
2473,195,Skills
2961,195,Industry
3106,195,Jobs
2062,195,Courses
690,195,Ethical issues
2662,199,Requirements
3130,199,Mission
3157,201,Impact
3157,201,Skills
1712,201,Mission
3166,202,Skills
3177,202,Ethical issues
2766,202,Requirements
2977,203,Industry
2977,203,Interdisciplinary
475,203,Mission
1230,203,Jobs
1230,203,Mission
2838,203,Mission
735,203,Jobs
3224,203,Impact
557,203,NA
1495,203,Industry
1316,203,Skills
1495,203,NA
1043,204,Courses
3287,204,Tools
2115,204,Tools
252,204,Tools
2150,204,Tools
1403,204,Jobs
3101,204,Skills
2680,204,Skills
2599,205,Mission
2967,205,[??]
3163,207,Requirements
398,207,Courses
1003,207,Requirements
711,207,Mission
547,207,Interdisciplinary
362,207,Interdisciplinary
3052,207,Impact
465,207,Fluff
538,213,Skills
2748,216,Mission
1786,216,Skills
2217,216,Industry
2593,216,Requirements
1794,216,Courses
726,214,Mission
3410,214,Impact
327,214,Requirements
327,214,Requirements
2364,214,[!!]
1342,215,Requirements
2676,215,Mission
2340,215,Courses
1854,215,Target group
273,219,Requirements
273,219,Skills
493,219,Courses
2589,221,Requirements
1596,221,Courses
756,221,Requirements
1280,221,Courses
755,221,Requirements
1597,221,Courses
2411,221,Impact
1070,210,Definition
282,210,Definition
3306,210,Definition
2548,210,Mission
3230,210,Ethical issues
1962,210,Courses
240,210,Courses
839,223,Courses
2664,223,Requirements
3021,223,Mission
3114,223,Impact
3369,223,Skills
2111,224,Mission
1093,224,Definition
2142,224,Courses
496,224,Courses
2981,226,Mission
1383,226,Impact
1383,226,Jobs
196,226,Industry
294,226,Impact
294,226,Jobs
202,226,Requirements
294,226,Jobs
294,226,Impact
1420,226,Jobs
1420,226,Impact
148,226,Courses
2343,228,Impact
2343,228,Skills
2066,228,Courses
1888,230,Mission
402,230,Courses
403,230,Courses
404,230,Courses
3020,231,Mission
222,231,Impact
2109,232,Interdisciplinary
1605,232,Skills
1201,232,Jobs
1202,232,Jobs
2670,232,Mission
322,232,Requirements
2633,234,Mission
2633,234,Interdisciplinary
2375,234,Mission
2621,234,Requirements
2817,239,Mission
3384,239,Interdisciplinary
2853,239,Impact
1691,239,Requirements
692,239,Courses
1745,239,Courses
752,239,Requirements
764,239,Courses
940,241,Mission
1530,241,Impact
1478,241,Skills
939,241,Broader impact
1406,241,Impact
2770,241,Impact
2093,241,Requirements
3112,242,Skills
3396,242,Skills
3295,242,Skills
785,242,Ethical issues
3158,242,Courses
691,242,Ethical issues
259,243,Mission
300,243,Target group
299,243,Impact
2237,243,Skills
2494,243,Impact
1434,243,Requirements
3136,243,Courses
1336,246,Courses
825,246,Impact
825,246,Skills
1994,246,Ethical issues
1994,246,Law-policy
2266,246,Skills
2576,246,Ethical issues
2161,235,NA
1995,235,Skills
1995,235,Impact
1995,235,Jobs
874,235,Courses
604,217,Requirements
556,217,Impact
556,217,Mission
3370,217,Skills
2149,217,Interdisciplinary
3240,217,Tools
425,217,Interdisciplinary
3244,217,Skills
1671,217,Courses
725,212,Mission
725,212,Impact
285,212,Impact
1367,212,Skills
1259,212,Skills
2097,249,Requirements
289,249,Courses
837,249,Requirements
290,249,Courses
1685,249,Requirements
288,249,Courses
1248,249,Requirements
218,249,Courses
1356,249,Requirements
1570,249,Skills
1570,249,Impact
2407,249,Mission
2223,249,Impact
1166,247,Impact
2096,247,[??]
454,247,Courses
358,247,Requirements
287,247,Courses
231,247,Courses
2752,250,Fluff
2920,250,Target group
1615,250,Target group
2787,250,Requirements
852,250,Courses
3070,251,Mission
3070,251,Impact
2594,251,Skills
688,253,Courses
2010,253,Tools
2508,253,Interdisciplinary
2337,253,Skills
2392,254,Mission
2199,254,Skills
689,254,Courses
453,254,Courses
497,254,Courses
2303,256,Skills
1165,256,Skills
2536,256,Mission
226,256,Definition
1228,256,Impact
2503,257,Mission
771,257,Tools
2881,257,Industry
1315,257,Courses
2611,258,Mission
2611,258,Impact
2611,258,Target group
753,258,Requirements
1770,258,Courses
2749,259,Definition
2495,259,Interdisciplinary
1459,259,Fluff
1459,259,Industry
2496,259,Impact
2219,259,Skills
1760,259,Courses
2728,262,Mission
1903,262,Impact
721,262,Requirements
2089,262,Courses
1815,262,Requirements
820,262,Courses
243,262,[??]
3288,261,Mission
1032,261,Impact
3194,261,Impact
2315,261,Skills
1681,264,Definition
1326,266,Fluff
1450,266,Tools
1450,266,Skills
1873,266,Jobs
2212,266,Courses
2371,266,Skills
1160,267,Skills
3214,267,Courses
2834,269,Mission
2809,270,Mission
2941,270,Skills
1927,270,Tools
870,270,Courses
530,271,Courses
2515,272,Skills
2245,272,Requirements
2595,272,Impact
2595,272,Mission
1312,272,Courses
1192,275,Courses
1841,275,Requirements
1197,275,Courses
958,275,Courses
1198,275,Courses
1196,275,Courses
1193,275,NA
1194,275,Courses
1195,275,Courses
3354,275,Courses
1834,275,[??]
2528,275,Skills
2543,275,Skills
2545,275,Skills
2546,275,Skills
1066,275,Fluff
2529,275,Target group
2432,275,[??]
2889,276,Mission
2459,276,Skills
2385,276,Target group
3085,276,Fluff
3361,276,Skills
1180,276,Industry
1037,276,Ethical issues
2788,277,Mission
2788,277,Interdisciplinary
2381,277,Impact
2381,277,Skills
1310,277,Courses
655,278,Impact
655,278,Skills
2880,278,Skills
679,274,Courses
447,274,Skills
577,274,Mission
2384,274,Impact
1518,265,Skills
472,265,Interdisciplinary
1288,265,Industry
1622,279,Courses
775,279,Courses
1989,279,Courses
3341,279,Courses
1583,279,Courses
2382,279,Skills
2567,279,Mission
2822,281,Target group
3028,281,Courses
3133,281,Courses
2865,281,Courses
2819,281,[??]
1229,281,[??]
1939,281,Courses
1777,281,Definition
1056,281,Ethical issues
2415,283,Mission
3376,283,Skills
2488,283,Skills
3236,284,Skills
3236,284,Impact
3379,286,Skills
2578,286,Fluff
1926,286,Law-policy
1926,286,Ethical issues
1715,286,Courses
645,291,Courses
391,291,Requirements
646,291,NA
1539,291,Mission
1262,291,Jobs
1968,291,Skills
445,291,Requirements
2914,292,Skills
1875,292,Jobs
2915,292,Skills
1876,292,Jobs
2037,292,Courses
2281,294,Requirements
1985,294,Courses
1890,297,Impact
2960,297,Skills
2179,299,Courses
2181,299,Courses
1729,299,Courses
1733,299,Courses
2180,299,Courses
2182,299,Courses
1727,299,Courses
1734,299,Courses
393,299,Requirements
1422,299,Fluff
612,299,Mission
1913,290,Mission
2700,290,Requirements
2818,300,Interdisciplinary
2818,300,Mission
1790,300,Courses
1978,300,Fluff
555,300,Skills
1848,300,Skills
1848,300,Impact
3191,301,Skills
740,303,Mission
3211,303,Skills
1738,303,Skills
1689,303,Courses
862,303,Requirements
2369,303,Requirements
546,303,Courses
1323,303,Courses
3253,304,Skills
1392,304,Courses
2623,305,Mission
534,305,Ethical issues
3253,305,Skills
2425,306,Skills
2425,306,Mission
924,306,Courses
1592,306,Courses
2580,307,Definition
2642,307,Mission
2644,307,Skills
2427,307,Skills
3113,307,Skills
3005,310,Impact
3005,310,Mission
3005,310,Jobs
3002,310,Impact
3002,310,Skills
3144,310,Skills
2034,310,Courses
490,312,Skills
1723,312,Requirements
981,312,Requirements
982,312,Courses
2636,313,Courses
56,314,Courses
829,314,[??]
2984,314,Fluff
3104,314,Accreditation
510,314,Fluff
2985,314,Fluff
1318,314,[??]
1667,314,Mission
1519,314,Mission
772,314,Courses
293,314,Impact
564,314,Fluff
705,314,Jobs
705,314,Impact
1863,314,[??]
878,318,Courses
1430,318,Skills
1413,320,Skills
922,320,Courses
922,320,NA
2689,322,Skills
303,322,Fluff
3187,322,Skills
3139,322,Impact
329,322,Courses
346,323,Courses
3221,323,Skills
2972,323,Mission
2135,326,Courses
320,326,Courses
1776,326,Requirements
1249,326,Requirements
910,326,Requirements
2863,326,Target group
2916,326,Interdisciplinary
3216,326,Broader impact
739,326,Mission
241,326,Definition
3174,326,Impact
3081,327,Mission
2830,327,Target group
1833,327,Industry
2845,329,Mission
2845,329,Impact
3125,329,Target group
3125,329,Impact
1558,329,Courses
549,330,Skills
3252,330,Law-policy
3252,330,Ethical issues
1489,330,Impact
378,331,Mission
514,332,Courses
516,332,Requirements
871,332,Courses
1437,332,Requirements
3302,332,Mission
1411,332,Skills
1401,332,Jobs
2268,333,Skills
491,333,Courses
799,336,Requirements
1827,336,Courses
2144,336,Requirements
3362,337,Skills
3360,337,Industry
3360,337,Jobs
3360,337,Impact
1047,338,Courses
902,339,Courses
1645,339,Mission
1642,339,Skills
2586,339,Mission
1498,339,Skills
2511,340,Mission
3092,340,Skills
2257,344,Mission
1223,344,Courses
1823,347,Requirements
1002,347,Courses
262,347,Mission
334,349,Courses
1131,349,Requirements
1427,349,Skills
2791,349,Target group
2885,349,Mission
826,350,Fluff
250,350,Jobs
1900,350,Skills
2413,350,Skills
2074,350,Courses
2870,352,Jobs
2870,352,Mission
1877,352,Skills
1877,352,Tools
1879,352,Skills
2262,352,Requirements
2052,352,Courses
2909,355,Mission
2909,355,Skills
2877,355,Ethical issues
1014,355,NA
2735,357,Mission
1255,357,Impact
1882,358,Jobs
2753,359,Mission
3006,359,Impact
3006,359,Jobs
1417,359,Jobs
603,359,Impact
603,359,Skills
399,361,Courses
2958,361,Mission
848,364,Courses
719,364,Requirements
2057,365,Courses
754,365,Courses
2391,368,Skills
2171,371,Courses
2966,371,Requirements
3169,371,Requirements
1676,371,Requirements
377,371,Mission
233,371,Target group
360,375,Courses
3337,382,Mission
1106,382,Definition
2334,382,Skills
738,382,Jobs
2246,382,Tools
2276,382,Skills
2072,382,Courses
3126,378,Impact
3127,378,Impact
3128,378,Impact
3129,378,Impact
2737,379,Mission
846,379,Requirements
2950,384,Fluff
1819,384,Mission
388,384,Requirements
957,384,Courses
146,384,Requirements
2544,385,Mission
943,385,Skills
827,385,Ethical issues
1384,385,Ethical issues
1899,386,Impact
748,386,Requirements
2947,394,Mission
566,394,Skills
2290,394,Skills
2292,394,Ethical issues
1206,356,Courses
800,356,Requirements
1554,356,Courses
1013,356,Courses
582,356,Impact
1460,388,Courses
2772,388,Mission
2308,388,Impact
1767,388,Requirements
242,388,Target group
2862,389,Mission
814,389,Definition
2465,389,Industry
984,389,Courses
2634,345,Impact
2634,345,Definition
3374,345,Skills
710,345,Impact
1436,345,Courses
2585,360,Mission
2917,360,Impact
2917,360,Industry
2162,360,Courses
722,381,Requirements
2693,381,Mission
1525,381,Impact
2895,381,Impact
622,370,Courses
720,370,Requirements
2631,367,Mission
1902,367,Impact
1902,367,Skills
1524,367,Requirements
1524,367,Industry
2759,390,Mission
3178,390,Skills
460,390,Target group
461,390,Mission
1433,390,Definition
3010,390,Definition
1711,390,Interdisciplinary
77,390,Courses
3181,390,Requirements
2637,397,Mission
2912,397,Target group
500,397,Fluff
893,397,Courses
1971,397,Courses
3040,399,Mission
3179,399,Skills
1831,399,Skills
2729,400,Mission
1881,400,Industry
1881,400,Interdisciplinary
235,400,Skills
235,400,Mission
2730,400,Mission
295,400,Skills
1132,400,Tools
3160,400,Requirements
2234,400,Requirements
1016,400,Courses
2249,400,Requirements
1707,400,Requirements
1446,402,Mission
2269,402,Interdisciplinary
1973,402,Courses
3238,404,Tools
3251,404,Skills
1019,404,Skills
1537,404,Impact
3235,405,Fluff
608,405,Skills
1265,405,Mission
1477,405,Fluff
3387,405,Impact
3387,405,Skills
801,405,Impact
1025,405,Courses
2317,533,Skills
950,533,Courses
2743,535,Mission
1388,535,Tools
885,535,Impact
1130,535,Skills
1281,535,Courses
1348,535,Courses
591,535,Requirements
1719,535,Requirements
3121,541,Mission
2883,541,Mission
1405,541,Skills
3068,541,Interdisciplinary
795,541,Fluff
2971,541,Fluff
2638,541,Fluff
1708,541,Definition
1529,541,Skills
1528,541,Skills
1527,541,Skills
2328,541,Skills
1713,541,Courses
2901,545,Target group
2603,545,Mission
2603,545,Skills
2038,545,Courses
2483,545,Broader impact
2483,545,Impact
1447,545,Skills
2187,537,Courses
3380,537,Mission
2490,537,Skills
3071,550,Mission
2876,550,Industry
1970,550,Skills
794,550,Courses
1969,556,Impact
2732,556,Mission
1203,556,Courses
539,555,Skills
526,555,Courses
2795,561,Mission
478,561,Impact
478,561,Skills
3016,561,Jobs
3016,561,Impact
3016,561,Skills
338,561,Courses
1039,561,Ethical issues
3150,561,Skills
1635,562,Skills
2059,562,Courses
2534,564,Target group
1914,564,Skills
2935,564,Ethical issues
2935,564,Interdisciplinary
3117,564,Jobs
3117,564,Impact
2630,564,Requirements
335,564,Courses
313,564,Ethical issues
2198,566,Fluff
3401,566,Skills
3003,566,Fluff
2852,572,Mission
3118,572,Skills
2962,572,Jobs
2645,568,Mission
2775,552,Mission
3268,552,Interdisciplinary
2776,552,Broader impact
2776,552,Mission
2776,552,Ethical issues
2776,552,[!!]
2677,552,Skills
673,409,Definition
1664,409,Mission
1171,409,Skills
3232,409,Tools
668,409,Courses
2660,410,Mission
2660,410,Impact
609,410,Requirements
609,410,Target group
1394,410,Mission
1394,410,Skills
543,410,Skills
3164,410,Requirements
2283,410,Requirements
2973,575,Mission
3222,575,Impact
345,575,Courses
2474,395,Mission
777,395,Impact
875,395,Requirements
1357,395,Requirements
2159,546,Courses
2606,546,Mission
2101,546,Requirements
2367,571,Mission
2352,571,Courses
731,571,Impact
2428,576,Mission
2393,576,Skills
2976,576,Mission
2829,576,Requirements
2899,576,Impact
2899,576,Tools
3285,576,Skills
1540,576,Jobs
2389,577,Mission
2389,577,Tools
2620,577,Tools
2153,577,Courses
2803,578,Mission
2803,578,Interdisciplinary
1616,578,Skills
3245,578,Skills
3245,578,Impact
2087,578,Courses
2519,579,Mission
596,579,Courses
2030,581,Courses
2509,581,Requirements
166,581,Fluff
584,581,Skills
1851,581,Mission
1073,581,Courses
66,581,Courses
286,581,Courses
2527,582,Mission
2574,582,Target group
1602,582,Courses
1523,582,Skills
1221,582,Courses
1222,582,Courses
989,582,Courses
770,584,Mission
3405,584,Skills
318,584,Requirements
1768,584,Courses
1942,585,Courses
1856,585,Skills
1856,585,Mission
2307,585,Skills
3228,586,Impact
2723,586,Mission
1114,586,Courses
630,587,Definition
2790,587,Mission
2244,587,Mission
545,587,Requirements
2722,589,Mission
2938,589,Skills
962,589,Courses
1754,589,Ethical issues
1270,592,Interdisciplinary
550,592,Courses
2088,594,Courses
2464,594,Mission
1168,595,Mission
2289,595,Skills
2517,597,Mission
1842,597,Courses
662,597,Skills
2468,598,Mission
599,598,Courses
1017,599,Courses
2807,599,Mission
2013,599,Fluff
2810,599,Skills
2942,599,Jobs
3148,599,Tools
3148,599,Jobs
2232,599,Jobs
2232,599,Impact
1432,602,Jobs
2949,602,Skills
1018,602,Courses
631,602,Courses
467,603,Mission
824,603,Skills
466,603,Fluff
1110,603,Courses
2913,604,Mission
1109,604,Courses
791,609,Courses
323,609,Requirements
1408,609,Impact
1541,609,Skills
3385,609,Skills
1587,610,Courses
436,610,Skills
436,610,Impact
3300,611,Mission
1188,611,Interdisciplinary
1788,611,Skills
1414,611,Skills
372,611,Skills
2029,611,Courses
932,613,Broader impact
932,613,Target group
3282,613,Impact
1226,613,Mission
790,613,Skills
3356,613,Courses
3098,615,Mission
3098,615,Target group
1371,615,Skills
2208,615,Courses
953,625,Courses
2564,625,Mission
1949,626,Courses
1387,626,Mission
1387,626,Accreditation
3017,626,Impact
3017,626,Industry
3017,626,Jobs
1508,626,Fluff
3373,626,Skills
3260,626,Interdisciplinary
1538,629,Definition
1305,629,Mission
2824,629,Mission
588,629,Courses
2745,630,Mission
219,630,Jobs
219,630,Interdisciplinary
1702,630,Skills
1268,630,Impact
1020,630,Skills
970,630,Courses
3167,631,Interdisciplinary
3018,631,Skills
1048,631,Courses
2128,632,Courses
724,633,Courses
2702,633,Mission
1673,634,Mission
1672,634,Interdisciplinary
863,634,Courses
767,636,Courses
502,636,Skills
1332,636,Mission
743,637,Courses
742,637,Courses
1722,637,Courses
2156,637,Courses
429,637,Courses
744,637,Courses
3349,637,Courses
3183,637,Requirements
2388,637,Mission
3132,637,Impact
199,635,Mission
105,635,Skills
173,635,Impact
181,635,Tools
61,635,Courses
62,635,Courses
29,635,Courses
5,635,Courses
14,635,Courses
65,635,Courses
7,635,Courses
63,635,Courses
52,635,Courses
1988,635,Requirements
2814,635,Requirements
471,635,Impact
3176,638,Courses
3184,638,Requirements
2451,638,Target group
2491,638,Mission
2454,639,Mission
462,639,Courses
1358,641,Mission
789,641,Skills
2119,641,Tools
1183,641,Courses
1550,641,Tools
1117,642,Courses
1759,642,Skills
2613,642,Mission
1936,643,Courses
2374,643,Mission
1347,644,Courses
988,644,Mission
1377,644,Skills
561,644,Tools
3147,644,Skills
3322,645,Fluff
1880,645,Interdisciplinary
2978,645,Skills
1504,645,Interdisciplinary
2841,645,Skills
1578,645,Courses
1378,646,Mission
703,646,Skills
3339,646,Interdisciplinary
3339,646,Industry
1476,646,Skills
1762,646,Courses
2717,648,Mission
515,648,Ethical issues
1298,648,Skills
1793,648,Courses
3220,649,Courses
1497,650,Requirements
883,650,[??]
2524,650,Courses
456,650,Skills
147,650,Fluff
2669,650,Jobs
2669,650,Impact
1328,650,[??]
328,650,[??]
410,650,Jobs
410,650,Impact
2523,650,Mission
2522,650,Interdisciplinary
1515,651,Mission
1163,651,Skills
1175,651,Ethical issues
2697,652,Mission
3348,652,Skills
394,652,Requirements
642,652,Courses
1275,652,Requirements
1274,652,Courses
643,652,Courses
1990,652,Requirements
1442,652,Courses
1245,652,Requirements
641,652,Courses
2923,653,Mission
406,653,Courses
657,653,Skills
1731,658,Courses
1732,658,Courses
1730,658,Courses
2355,658,Requirements
1242,658,Requirements
935,658,Requirements
2741,658,Mission
661,658,Impact
2558,660,[??]
2100,660,Requirements
2827,660,Mission
2624,661,Mission
2455,661,Interdisciplinary
2455,661,Fluff
187,661,Courses
1925,661,Courses
2801,664,Mission
1045,664,Skills
3372,664,Skills
704,664,Skills
1483,664,Courses
1059,665,Definition
54,665,Courses
3359,665,NA
1808,666,Requirements
20,666,Courses
18,666,Courses
21,666,Courses
19,666,Courses
98,666,Courses
97,666,Courses
432,666,Requirements
1809,666,Requirements
1311,666,Courses
1012,667,Courses
2658,667,Interdisciplinary
2658,667,Mission
592,667,Skills
1120,671,Skills
1121,671,Skills
3207,671,Ethical issues
1560,671,Courses
974,671,Courses
2275,672,Mission
975,672,Courses
3172,672,Skills
1035,673,Courses
1617,673,Definition
2996,673,Fluff
1639,673,Mission
1769,674,Courses
2688,674,Mission
326,675,Courses
484,675,Skills
2442,675,Target group
2442,675,Mission
2433,675,Skills
3053,677,Fluff
3054,677,Mission
2250,677,Skills
1100,677,Courses
1363,678,Skills
256,678,Industry
1399,678,Mission
1399,678,Jobs
1238,678,Skills
349,678,Courses
523,678,Requirements
354,678,Courses
352,678,Courses
2300,678,Requirements
353,678,Courses
355,678,Courses
351,678,Courses
356,678,Courses
124,679,Skills
348,679,Courses
2547,679,Mission
1400,679,Impact
1107,680,Courses
3182,680,Requirements
1494,680,Mission
1820,680,Skills
847,681,Courses
2612,681,Target group
2612,681,Mission
1629,682,Target group
3007,682,Skills
2944,682,Target group
1576,682,Skills
2185,682,Courses
2184,682,Ethical issues
2186,682,Courses
1625,684,Mission
1782,684,Fluff
1390,684,Requirements
1031,684,Interdisciplinary
2466,684,Interdisciplinary
782,686,Impact
671,686,Courses
956,687,Courses
1765,687,Requirements
1067,687,Requirements
1218,687,Courses
1766,687,Requirements
1688,687,Requirements
2690,687,Requirements
1419,687,Skills
857,695,Courses
2964,695,Mission
2820,695,Interdisciplinary
2820,695,Jobs
2900,695,Impact
2365,699,Jobs
1796,699,NA
615,699,Courses
1696,701,Definition
811,701,Skills
812,701,Courses
1507,702,Mission
810,702,Skills
3382,702,Tools
1721,702,Courses
1170,702,Skills
1118,703,Courses
2746,703,Mission
3394,703,Impact
1699,703,Skills
2027,705,Courses
2027,705,Ethical issues
2533,705,Mission
3205,705,Impact
3009,705,Target group
3141,705,Skills
1909,705,Impact
2386,706,Jobs
3170,706,Skills
1726,706,Courses
663,707,Mission
1033,707,Skills
600,707,Courses
1112,709,Courses
1173,709,Skills
1802,711,Courses
2823,711,Mission
2412,711,Mission
2970,711,Mission
2839,711,Skills
2963,711,Skills
2792,708,Mission
1492,708,Fluff
2650,708,Fluff
585,708,Courses
518,708,Fluff
3203,712,Interdisciplinary
3203,712,Mission
1571,712,Skills
1438,712,Ethical issues
1111,712,Courses
1503,713,Mission
359,713,Mission
1282,713,Interdisciplinary
2769,713,Target group
1267,713,Target group
2878,713,Mission
330,713,Courses
332,713,Courses
333,713,Ethical issues
331,713,Courses
2284,713,Requirements
309,713,Courses
331,713,Courses
1290,713,[!!]
1290,713,Fluff
1290,713,Target group
373,713,Industry
473,713,[!!]
1910,713,Industry
32,713,Jobs
944,713,Interdisciplinary
3271,713,Target group
3273,713,Target group
3038,715,Interdisciplinary
792,715,Courses
2322,715,Skills
583,715,Mission
763,716,Courses
1983,716,Skills
572,716,Skills
2850,717,Mission
2945,717,Impact
1350,717,Courses
2472,718,Fluff
483,718,Skills
1349,718,Courses
1038,718,Ethical issues
589,722,Courses
2614,722,Skills
589,723,Courses
1868,723,Impact
1883,723,Mission
976,724,Courses
2241,724,Skills
2241,724,Mission
2674,724,Impact
2675,725,Mission
2298,725,Skills
310,725,Courses
251,725,Courses
225,725,Courses
224,725,Courses
1076,726,Interdisciplinary
1076,726,Definition
2779,726,Interdisciplinary
2779,726,Mission
2557,726,Impact
2557,726,Industry
2280,726,Requirements
2565,726,Mission
2238,726,Skills
3353,726,Courses
2779,727,Mission
1240,727,Skills
437,727,Ethical issues
601,727,Courses
793,729,Courses
3082,729,Mission
637,731,Courses
3219,731,Mission
2487,731,Courses
2799,732,Mission
2898,732,Target group
2324,732,Fluff
923,732,Skills
3272,732,Target group
1889,732,Jobs
2800,732,Skills
2882,732,Industry
1557,732,Courses
927,720,Mission
927,720,Ethical issues
918,720,Skills
2137,720,Courses
2479,734,Jobs
2479,734,Mission
258,734,Skills
258,734,Mission
1099,734,Skills
2124,734,Skills
2194,734,Skills
2189,734,Skills
2220,734,Tools
1905,734,Industry
1869,734,Industry
1869,734,Ethical issues
2158,734,Courses
1948,735,Requirements
844,735,Courses
2370,735,Skills
2452,735,Skills
2452,735,Impact
324,736,Requirements
1008,737,Courses
3237,737,Skills
3042,737,Mission
3036,737,Impact
2625,737,Broader impact
2905,738,Mission
537,738,Skills
1771,738,Courses
2987,739,Mission
2987,739,Jobs
2987,739,Interdisciplinary
1174,739,Skills
1735,739,Courses
1813,740,Impact
1644,740,Skills
985,740,Courses
1579,741,Courses
2661,741,Mission
3051,742,Target group
1580,742,Courses
3389,742,Impact
2701,744,Fluff
2936,744,Mission
1319,744,Courses
2647,745,Mission
2647,745,Interdisciplinary
2000,745,Skills
952,746,Courses
1191,747,Courses
686,748,Courses
2721,748,Mission
1643,748,Skills
1164,748,Skills
1169,748,Tools
2329,748,Impact
2329,748,Interdisciplinary
281,748,Impact
3089,750,Target group
836,750,Courses
1244,750,Courses
2760,751,Mission
1703,751,Skills
969,751,Courses
815,753,Skills
2891,753,Skills
2989,753,Impact
1556,753,Courses
802,754,Requirements
482,754,Courses
1618,754,Courses
2692,754,Mission
656,754,Skills
1484,755,Courses
3066,755,Mission
2911,756,Mission
1291,756,Skills
1005,756,Courses
2727,758,Interdisciplinary
2727,758,Mission
779,758,Skills
955,758,Courses
1153,766,Impact
855,766,Courses
928,766,Skills
1362,769,Courses
999,770,Courses
1429,770,Skills
3111,771,Mission
595,771,Courses
3342,773,Requirements
3343,773,Target group
3087,773,Mission
1049,773,Skills
2065,773,Courses
521,773,Requirements
291,775,Courses
291,775,Skills
3371,775,Skills
1346,776,Courses
1227,783,Fluff
3312,783,Mission
1134,783,Courses
2604,790,Mission
2666,790,Skills
1568,790,Courses
978,792,Courses
979,792,Courses
439,792,Requirements
2601,792,Mission
1044,793,Courses
2424,793,Mission
2265,793,Impact
2667,798,Target group
2933,798,Interdisciplinary
1410,798,Skills
1004,798,Courses
364,800,Mission
3090,800,Mission
1634,800,Skills
1603,800,Requirements
1289,800,Courses
369,800,Skills
2639,800,Skills
370,800,Courses
3091,791,Impact
2507,791,Impact
2507,791,Mission
1219,791,Courses
1186,782,Courses
747,782,Requirements
522,782,Requirements
522,782,Target group
2520,782,Mission
337,802,Courses
1700,802,Skills
1896,802,Impact
1954,804,Courses
2750,804,Mission
1940,805,Courses
569,805,Fluff
2833,805,Mission
2939,805,Impact
2704,806,Mission
3146,806,Skills
1424,806,Ethical issues
1425,806,Skills
401,806,Courses
2112,807,Mission
1919,807,Skills
1839,807,Courses
1584,808,Courses
3231,808,Impact
175,809,Courses
1181,809,Fluff
443,809,Requirements
442,809,Fluff
1680,810,Tools
693,810,Requirements
3208,810,Skills
2379,810,Mission
2583,811,Fluff
1714,811,Mission
2197,811,Skills
1104,811,Courses
2484,812,Mission
2447,812,Skills
1102,813,Courses
3145,813,Skills
2168,816,Courses
2140,816,Mission
540,816,Skills
1690,816,Requirements
1486,818,Target group
1081,818,Impact
2957,818,Impact
2957,818,Mission
1287,818,Fluff
2956,818,Courses
1331,818,Courses
2714,819,Fluff
1464,819,Target group
1398,819,Jobs
485,819,Industry
2715,819,Mission
2296,819,Target group
415,819,Accreditation
1593,819,Courses
1149,820,Target group
2288,820,Target group
2256,820,Target group
2017,820,Skills
2619,820,Mission
2005,820,Courses
455,823,Courses
228,823,Impact
1626,823,Jobs
1626,823,Impact
2286,823,Requirements
1553,825,Courses
1313,826,Courses
2965,826,Mission
1840,826,Skills
1604,827,Skills
2302,827,Skills
2361,827,Courses
2869,828,Mission
1155,828,Mission
1701,828,Skills
2225,828,Impact
1407,828,Jobs
2154,828,Courses
452,829,Courses
1849,829,Fluff
2712,829,Impact
2712,829,Skills
3059,829,Interdisciplinary
1502,829,Fluff
2348,830,Skills
1588,830,Courses
2170,830,Courses
1375,831,Courses
2684,831,Mission
3210,831,Skills
1844,832,Definition
3044,832,Mission
183,832,Courses
2798,833,Target group
2798,833,Mission
654,833,Skills
2193,833,Courses
2366,833,[!!]
2789,834,Skills
2789,834,Impact
1103,834,Courses
2192,834,Courses
2982,834,Impact
2982,834,Skills
3162,835,Courses
1071,835,Courses
2090,835,Requirements
2091,835,Requirements
2092,835,Requirements
3142,835,Mission
1791,836,Courses
3175,836,Fluff
3175,836,Mission
3234,836,Skills
3154,837,Mission
2461,837,Skills
1938,837,Target group
1167,837,Skills
125,837,Courses
421,838,Mission
1299,838,Interdisciplinary
1023,838,Skills
223,838,Industry
2959,838,Requirements
1307,838,Courses
1224,839,Courses
2310,839,Skills
386,839,Impact
2121,840,Courses
2122,840,Courses
678,840,Requirements
1636,840,Skills
1720,841,Courses
2540,841,Mission
297,841,Skills
253,841,Requirements
809,842,Definition
3278,842,Interdisciplinary
3278,842,Mission
2646,842,Definition
983,842,Courses
1804,842,Courses
2786,843,Mission
2513,843,Interdisciplinary
3305,843,Mission
1545,843,Skills
1135,843,Skills
2358,843,Law-policy
2471,843,Requirements
1598,843,Courses
2395,843,Requirements
408,843,Courses
1710,843,Courses
2309,843,Requirements
492,844,Courses
713,844,Impact
713,844,Skills
2893,844,Impact
813,847,Courses
2445,847,Mission
560,847,Impact
3409,847,Skills
1986,848,Courses
2665,848,Mission
1074,848,Definition
3153,848,Skills
1370,849,Fluff
3325,849,Mission
1105,849,Skills
682,849,Skills
2943,849,Industry
76,849,Courses
3075,850,Interdisciplinary
3086,850,Mission
2489,850,Requirements
1220,850,Courses
1058,851,Skills
623,851,Courses
2551,851,Impact
2551,851,Mission
1340,852,Courses
2102,852,Requirements
417,853,Courses
2793,853,Mission
2247,853,Skills
3310,853,Skills
2475,855,Fluff
954,855,Courses
2710,856,Mission
528,856,Courses
2485,856,Interdisciplinary
2925,856,Jobs
1627,857,Courses
1627,857,Skills
2782,857,Mission
2813,857,Impact
2108,857,Skills
2166,859,Courses
1129,861,Courses
2556,861,Mission
3035,861,Target group
3259,861,Impact
3264,861,Broader impact
2444,862,Mission
1921,862,Courses
504,863,Skills
2993,863,Mission
2205,863,Skills
1709,863,Jobs
1277,863,Industry
1277,863,Courses
1677,863,Requirements
1006,863,Courses
3015,864,Mission
1549,864,Target group
2354,864,Courses
2330,864,Skills
1837,868,Courses
2233,868,Skills
804,869,Fluff
214,869,Impact
1850,869,Target group
1850,869,Mission
3223,869,Impact
1151,869,Fluff
3192,869,Fluff
1133,869,Requirements
2510,869,Impact
1865,869,Fluff
1916,869,Courses
1706,869,Impact
488,872,Interdisciplinary
2002,872,Mission
112,872,Skills
823,872,Courses
2341,874,Courses
2842,874,Mission
2842,874,Skills
1451,874,Target group
229,874,Skills
2008,875,Courses
2469,875,Mission
1860,891,Mission
1097,891,Skills
1590,891,Courses
3196,873,Mission
3196,873,Interdisciplinary
2672,873,Interdisciplinary
2671,873,Requirements
1952,873,Requirements
123,873,Courses
163,873,Courses
230,873,Requirements
104,873,Skills
102,873,Skills
158,873,Skills
1512,889,Mission
3173,889,Skills
448,889,Definition
1115,889,Definition
1051,889,Definition
1682,889,Definition
3256,889,Definition
527,894,Courses
3019,894,Requirements
2231,894,Skills
873,895,Courses
1600,895,Ethical issues
3022,895,Impact
3022,895,Skills
495,895,Mission
858,895,Courses
1294,895,Tools
3067,896,Mission
2410,896,Courses
374,896,Skills
1821,893,Courses
2856,893,Skills
2856,893,Impact
1862,898,Mission
217,898,Skills
1551,898,Skills
172,898,Courses
1678,899,NA
1679,899,Courses
481,899,Skills
481,899,Impact
959,901,Courses
3034,901,Impact
2802,904,Mission
2802,904,Target group
3076,904,Interdisciplinary
3076,904,Skills
498,909,Mission
1158,909,Mission
1062,909,Courses
3350,909,Interdisciplinary
363,909,Skills
1444,911,Courses
1444,911,Skills
137,913,Courses
1977,913,Requirements
2120,913,Fluff
921,913,Courses
933,913,Requirements
414,913,Accreditation
2467,913,Skills
650,914,Courses
651,914,Ethical issues
1892,914,Mission
2321,914,Requirements
3149,914,Tools
2888,916,Mission
1052,916,Skills
1364,916,Courses
3031,918,Impact
2157,918,Courses
575,918,Courses
2178,919,Courses
2251,919,Skills
594,920,Courses
2906,920,Mission
1572,920,Mission
926,920,Tools
926,920,Impact
3189,921,Mission
773,921,Skills
1190,921,Courses
3077,905,Interdisciplinary
1958,905,Target group
1373,905,Skills
942,905,Skills
2146,905,Mission
2368,905,Courses
1998,917,Mission
532,917,Skills
1481,917,Ethical issues
1189,917,Courses
1956,922,Mission
2602,922,Skills
1581,922,Courses
513,923,Courses
3338,923,Mission
3338,923,Skills
732,923,Skills
2129,924,Courses
3131,924,Mission
1775,925,Courses
2720,925,Mission
1907,925,Impact
1147,927,Target group
1778,927,Mission
2653,927,Skills
501,927,Courses
907,928,Courses
2264,928,Skills
1628,928,Impact
2107,930,Courses
649,931,Courses
2738,931,Target group
2997,931,[??]
2859,931,Requirements
2581,931,Courses
1836,931,[??]
1836,931,Fluff
2784,934,Mission
2887,934,Skills
2887,934,Ethical issues
1748,934,Skills
1231,934,Ethical issues
149,934,Courses
1749,935,Fluff
1462,935,Fluff
2409,935,Mission
2408,935,Impact
1337,935,Courses
880,937,Courses
587,937,Courses
3292,937,Skills
2401,937,Mission
3333,926,Mission
2195,926,Skills
2110,926,Courses
3088,932,Target group
2436,932,Requirements
1947,932,Courses
808,938,Courses
1908,938,Fluff
3026,938,Mission
1783,940,Mission
830,940,Requirements
553,940,Skills
1123,940,Courses
368,943,Definition
107,943,Skills
1867,943,Mission
382,943,Jobs
768,943,Courses
107,944,Skills
1096,944,Fluff
769,944,Courses
1309,946,Courses
2755,946,Mission
2910,946,Skills
2055,948,Courses
3242,948,Skills
2756,948,Mission
2751,948,Target group
1152,949,Target group
2499,949,Skills
843,949,Courses
1029,950,Skills
3135,950,Requirements
723,950,Target group
2587,950,Skills
2607,950,Requirements
1157,950,Mission
2316,950,Industry
2071,950,Courses
1273,951,Courses
232,951,Impact
232,951,Skills
178,955,Fluff
3072,955,Courses
2399,955,Requirements
1736,955,Courses
1396,955,Impact
1396,955,Jobs
1122,955,Broader impact
357,955,Impact
1085,955,Impact
718,955,Skills
718,955,Mission
82,955,Tools
3206,955,Mission
3074,955,Tools
712,955,Impact
2116,955,Fluff
892,956,Courses
1095,956,Jobs
1698,956,Skills
2356,956,Mission
1064,958,Definition
2526,958,Mission
507,958,Skills
508,958,Interdisciplinary
2306,958,Target group
1361,958,Skills
2312,958,Requirements
1317,958,Requirements
2045,958,Courses
3406,961,Skills
1295,961,Skills
1825,961,Skills
1825,961,Impact
1595,961,Courses
1308,963,Courses
774,963,Mission
684,963,Skills
630,964,Definition
630,964,Interdisciplinary
2831,964,Broader impact
2896,964,Mission
1431,964,Skills
3078,964,Target group
1431,964,Skills
2051,953,Courses
127,953,Skills
2016,965,Jobs
582,965,Skills
2049,965,Courses
255,966,Target group
1683,966,Skills
1957,966,Mission
2999,966,Requirements
1993,966,Target group
1205,967,Courses
3383,967,Impact
3383,967,Skills
1083,967,Definition
1953,969,Courses
819,969,Mission
1784,969,Impact
936,971,Requirements
1490,971,NA
371,971,Mission
997,971,Courses
3001,971,Impact
938,971,Target group
937,971,Accreditation
93,971,NA
444,971,Requirements
204,971,[??]
619,972,Fluff
1845,972,Definition
3412,972,Mission
3412,972,Ethical issues
2821,972,Jobs
2319,972,Skills
2554,972,Target group
176,972,Tools
2081,972,Courses
2046,973,Courses
1063,973,Definition
2526,973,Mission
507,973,Skills
1266,973,Interdisciplinary
2306,973,Target group
1999,973,Mission
535,973,Skills
2313,973,Requirements
3276,973,Skills
3340,973,Interdisciplinary
2921,973,Requirements
3403,976,Impact
3403,976,Skills
1901,976,Jobs
1108,976,Courses
3403,976,Skills
1402,976,Impact
967,978,Courses
2405,978,Mission
2271,978,Skills
869,979,Courses
3296,979,Skills
1945,979,Fluff
1886,979,Mission
1855,979,Skills
1855,979,Impact
2573,980,Mission
757,980,Courses
3137,980,Skills
2572,980,Target group
1069,983,Courses
1258,983,Skills
2683,983,Mission
1226,983,Interdisciplinary
1226,983,Skills
446,981,Target group
1225,981,[!!]
1372,981,Fluff
1372,981,Definition
2148,981,Jobs
135,981,Skills
3097,981,Target group
621,981,Skills
2210,981,Definition
3029,981,Requirements
3094,981,Skills
140,981,Skills
192,981,Skills
2209,981,Courses
2094,981,Requirements
881,985,Courses
1692,985,Requirements
509,985,Broader impact
1271,985,Mission
1199,985,Skills
279,984,Impact
971,984,Courses
2706,984,Requirements
1257,986,Mission
3065,986,Skills
3323,986,Target group
2042,986,Courses
1516,987,Fluff
1261,987,Mission
3301,987,Mission
1260,987,Jobs
1575,987,Interdisciplinary
1156,987,Mission
1283,987,Ethical issues
2501,987,Requirements
1963,987,Courses
3115,988,Skills
1933,988,Jobs
3096,988,Interdisciplinary
2003,988,Skills
71,988,Requirements
2299,988,Jobs
2152,990,Courses
2151,990,Courses
2622,990,Mission
469,990,Requirements
1041,992,Mission
3100,992,Target group
559,992,Fluff
3041,994,Target group
2618,994,Skills
2048,994,Courses
897,1003,Courses
798,1003,Skills
1150,1003,Target group
2314,1003,Skills
2430,1002,Mission
1474,1002,Skills
1826,1002,Jobs
2229,1002,Target group
3297,1002,Requirements
1517,1002,Fluff
2431,1002,Mission
3134,1002,Jobs
3134,1002,Target group
3314,1002,Jobs
86,1002,Skills
92,1002,Skills
95,1002,Jobs
174,1002,Jobs
1964,1002,Courses
941,1004,Impact
2969,1004,Skills
2372,1005,Courses
1658,1005,Skills
2497,1005,Mission
2497,1005,Impact
2497,1005,Interdisciplinary
2872,1007,Mission
3046,1007,Target group
1589,1007,Courses
1306,1010,Courses
190,1010,Requirements
3103,1010,Mission
1610,1010,Target group
1610,1010,Jobs
2211,1010,Skills
1546,1010,Interdisciplinary
3363,1010,Interdisciplinary
3336,1010,Mission
665,1012,Courses
3318,1012,Impact
1084,1015,Courses
3283,1015,Fluff
70,1015,[??]
1693,1015,Impact
1543,1015,Fluff
3289,1015,NA
3290,1015,Fluff
2449,1016,Target group
2609,1016,Mission
1279,1016,Skills
2036,1016,Courses
2588,1020,Mission
2085,1020,Courses
759,1021,Courses
2203,1021,Definition
476,1021,NA
477,1021,Fluff
2396,1022,Target group
2396,1022,Mission
339,1022,Courses
2014,1023,Fluff
1505,1023,Mission
1382,1023,Jobs
2932,1023,Target group
1506,1023,Requirements
990,1023,Courses
877,1025,Courses
2655,1025,Mission
1471,1025,Target group
1395,1026,Courses
2285,1026,Requirements
3215,1026,Skills
2679,1026,Mission
1666,1027,Mission
3225,1027,Skills
840,1027,Courses
2778,1030,Mission
1878,1030,Impact
2780,1030,Mission
2780,1030,Skills
1466,1030,Courses
3330,1028,Fluff
607,1028,Impact
607,1028,Jobs
1177,1028,Skills
1177,1028,Fluff
2725,1028,Mission
1565,1028,Skills
3247,1028,Jobs
1922,1028,Courses
2699,1024,Impact
2699,1024,Mission
1454,1024,Definition
1416,1024,Skills
896,1024,Courses
964,1031,Courses
2363,1031,Mission
2227,1031,Skills
1054,1034,Fluff
2279,1034,Mission
2279,1034,Ethical issues
2304,1034,Skills
2136,1034,Skills
152,1034,Courses
68,1038,Courses
1835,1038,Fluff
1060,1038,Mission
3398,1038,Skills
314,1039,Courses
1470,1039,Ethical issues
2735,1039,Mission
2918,1039,Target group
69,1039,Requirements
1807,1039,[??]
1457,1042,Impact
3239,1042,Mission
552,1042,Jobs
3011,1042,Skills
2537,1042,Mission
578,1042,Interdisciplinary
3397,1042,Industry
1101,1042,Courses
1184,1049,Mission
1184,1049,Target group
2024,1049,Courses
3151,1059,Courses
1185,1059,Skills
1566,1056,Fluff
2477,1056,Mission
49,1056,Courses
45,1056,Courses
38,1056,Courses
37,1056,Courses
64,1056,Courses
44,1056,Courses
36,1056,Courses
58,1056,Courses
900,1058,Courses
901,1058,Courses
899,1058,Courses
1501,1058,Requirements
2555,1066,Requirements
911,1066,Courses
2204,1036,Definition
1236,1036,Target group
2035,1036,Courses
1717,1036,Requirements
3326,1036,Impact
3326,1036,Skills
2084,1060,Courses
3159,1060,Requirements
1182,1060,Impact
2139,1060,[??]
1744,1067,Courses
1285,1067,Ethical issues
579,1067,NA
580,1067,Fluff
489,1067,Fluff
2765,1067,Mission
1441,1048,Courses
2632,1048,Mission
520,1048,Requirements
2145,1080,Tools
2009,1080,Skills
614,1080,Courses
786,1080,Courses
1327,1063,Target group
3043,1063,Industry
2924,1063,Mission
2538,1041,Interdisciplinary
2252,1041,Mission
210,1041,Skills
909,1041,Courses
784,1084,Mission
1021,1084,Skills
1423,1084,Jobs
1461,1084,Target group
397,1084,Courses
914,1045,Courses
3161,1064,Mission
3165,1064,Impact
3165,1064,Skills
1915,1064,Courses
138,1019,Skills
2147,1019,Jobs
1334,1019,Courses
2705,1019,Skills
2705,1019,Impact
2705,1019,Mission
53,1062,Target group
47,1062,Jobs
43,1062,Courses
2476,1086,Courses
361,1086,Impact
554,1086,Skills
2402,1086,Mission
2854,1083,Mission
2851,1083,Skills
160,1083,Jobs
838,1083,Courses
931,1077,Mission
931,1077,Jobs
2539,1077,[!!]
1040,1077,Fluff
1040,1077,Definition
83,1077,Jobs
155,1077,Skills
3399,1077,Skills
948,1077,Courses
776,1092,Courses
2191,1092,Courses
1009,1092,Fluff
1116,1092,Mission
1366,1089,Definition
1366,1089,Fluff
796,1089,Jobs
581,1089,Skills
1086,1089,[!!]
3261,1089,[!!]
3261,1089,Ethical issues
1818,1089,Industry
2123,1089,Courses
96,1090,Courses
618,1090,Fluff
737,1090,Jobs
1456,1094,Definition
2357,1094,Mission
1479,1094,Courses
2040,1081,Courses
3049,1081,Requirements
130,1081,Tools
189,1081,Skills
1176,1081,Mission
1866,1081,Impact
2673,1096,Mission
3083,1096,Skills
1065,1096,Definition
25,1096,Courses
1647,1093,Skills
3315,1093,Jobs
2095,1093,Courses
506,1093,Skills
1065,1095,Definition
1409,1095,Skills
2673,1095,Jobs
2673,1095,Mission
3084,1095,Skills
9,1095,Courses
22,1095,Courses
23,1095,Courses
13,1095,Courses
24,1095,Courses
12,1095,Courses
2174,1112,Courses
2175,1112,Courses
2176,1112,Courses
2177,1112,Courses
2173,1112,Courses
2172,1112,Courses
2169,1112,Courses
2426,1106,Requirements
2426,1106,Interdisciplinary
101,1106,Courses
185,1106,Skills
117,1106,Skills
159,1106,Jobs
912,1033,Requirements
1286,1033,Ethical issues
1061,1033,Definition
2267,1033,Mission
1687,1033,Skills
1368,1118,Mission
91,1118,Skills
106,1118,Skills
2063,1120,Courses
3308,1120,Fluff
610,1120,Skills
3304,1120,Target group
3377,1120,Skills
2649,1120,Interdisciplinary
919,1053,Courses
248,1053,Mission
3039,1122,Mission
1237,1122,Skills
2928,1122,Skills
2076,1122,Courses
2082,1121,Courses
1449,1121,Mission
2001,1078,Skills
239,1078,Skills
1136,1078,Skills
308,1078,Ethical issues
1127,1078,Courses
2731,1055,Target group
3266,1055,Fluff
383,1055,Definition
2041,1055,Courses
2346,1125,Mission
2346,1125,Impact
132,1125,Skills
632,1125,Courses
633,1125,Courses
634,1125,Courses
75,1070,Courses
2434,1105,Mission
1087,1105,Skills
2435,1105,Skills
15,1126,Courses
1079,1110,Definition
1641,1110,Skills
625,1110,Courses
2320,1085,Skills
2086,1085,Courses
2031,1087,Courses
198,1087,Skills
195,1087,Fluff
2127,1087,Fluff
616,1087,Definition
2955,1087,Interdisciplinary
270,1087,Mission
3280,1087,[??]
1026,1128,Definition
2222,1128,Skills
2954,1128,Mission
55,1128,Courses
10,1128,Courses
57,1128,Courses
26,1128,Courses
1803,1128,Courses
283,1124,Target group
2953,1124,Mission
2117,1124,Skills
114,1124,Skills
165,1124,Courses
2709,1130,Mission
2709,1130,Impact
925,1130,Skills
84,1130,Courses
2884,1132,Mission
1496,1132,Skills
1982,1131,Courses
1292,1131,Courses
154,1131,Requirements
2500,1131,Requirements
2815,1133,Mission
1036,1133,Skills
908,1133,Courses
3278,1134,Mission
2646,1134,Impact
73,1134,Requirements
639,1134,Interdisciplinary
1057,1134,Courses
2422,1138,Mission
2335,1138,Skills
2069,1138,Courses
2541,1139,Mission
1974,1139,Courses
2773,1140,Mission
2450,1140,Target group
1611,1140,Skills
866,1140,Courses
1764,1140,Requirements
161,1140,Requirements
3320,1144,Fluff
2767,1144,Mission
904,1144,Courses
2952,1141,Skills
2952,1141,Mission
1143,1141,Skills
41,1141,Courses
2615,1142,Mission
1487,1142,Courses
519,1142,Requirements
2768,1146,Mission
3365,1146,Skills
851,1146,Courses
2930,1147,Mission
2682,1147,NA
2682,1147,Target group
464,1147,Skills
1943,1147,Jobs
1142,1147,Skills
111,1147,Skills
3286,1147,Definition
3286,1147,Fluff
99,1147,Requirements
90,1147,Jobs
193,1147,[!!]
797,1151,Fluff
3119,1151,Mission
1637,1151,Skills
1098,1151,Target group
134,1151,Skills
11,1151,Courses
28,1151,Courses
33,1151,Courses
46,1151,Courses
2390,1158,Mission
2397,1158,Fluff
3080,1157,Target group
1725,1157,Courses
336,1150,Courses
2417,1150,Mission
411,1161,Fluff
411,1161,Jobs
411,1161,Definition
2532,1161,Mission
2532,1161,Interdisciplinary
153,1161,Skills
34,1161,NA
59,1161,NA
51,1161,NA
60,1161,NA
31,1161,NA
35,1161,NA
8,1161,NA
34,1161,Courses
59,1161,Courses
51,1161,Courses
27,1161,Courses
35,1161,Courses
30,1161,Courses
8,1161,Courses
441,1161,Requirements
750,1159,Mission
1509,1159,Interdisciplinary
1509,1159,Skills
1351,1159,Courses
3200,1166,Mission
494,1166,Courses
1787,1167,Mission
2584,1167,Skills
317,1167,Courses
992,1175,Courses
2762,1175,Mission
2133,1173,Courses
2739,1173,Mission
2207,1173,Accreditation
1562,1168,Mission
1531,1168,Fluff
2362,1168,Jobs
418,1168,Courses
1955,1168,Requirements
87,1168,Jobs
1656,1176,Skills
396,1176,Courses
2403,1176,Mission
2708,1178,Interdisciplinary
1894,1178,Skills
898,1178,Courses
128,1172,Skills
1,1172,Courses
1264,1172,Courses
629,1179,Courses
3201,1179,Mission
427,1182,Mission
3122,1182,Target group
245,1182,Jobs
845,1182,Courses
3277,1182,Skills
3000,1183,Definition
3000,1183,Fluff
3152,1183,Mission
3411,1183,Skills
2866,1183,[!!]
88,1183,Courses
103,1183,Courses
108,1183,Courses
2443,1181,Mission
544,1181,Courses
2931,1187,Target group
2685,1187,Skills
891,1187,Courses
3004,1187,Mission
2570,1194,Ethical issues
2570,1194,Mission
2242,1194,Ethical issues
3262,1194,Ethical issues
3262,1194,Mission
2218,1194,Skills
3316,1194,Interdisciplinary
3284,1194,Target group
2569,1194,Interdisciplinary
1569,1194,Courses
2,1186,Courses
2864,1186,Mission
194,1186,Impact
440,1186,Requirements
1128,1186,Requirements
1075,1195,Definition
1830,1195,Fluff
1391,1195,Skills
1391,1195,Mission
1352,1195,Fluff
206,1195,Skills
3204,1198,Mission
3008,1198,Target group
2486,1198,Ethical issues
2027,1198,Courses
1513,1198,Skills
2757,1202,Mission
2757,1202,Skills
806,1202,Courses
745,1203,Courses
2879,1203,Mission
2448,1203,Requirements
551,1204,Courses
653,1204,Mission
3033,1205,Target group
905,1205,Courses
2446,1205,Mission
3155,1209,Requirements
803,1209,Requirements
2215,1209,Requirements
2438,1209,Mission
2531,1035,Mission
2240,1035,Skills
144,1035,Ethical issues
109,1035,Jobs
79,1035,Requirements
882,1035,Courses
2098,1211,Courses
3095,1116,Mission
2080,1116,Courses
1360,1054,Courses
3364,1054,[??]
1814,1054,Fluff
311,1054,Fluff
80,1054,Jobs
1655,1054,Mission
1633,1054,[??]
2552,1054,Target group
3386,1054,Skills
1893,1054,[??]
2857,1196,Mission
3255,1196,[!!]
2860,1213,Mission
2886,1213,Skills
302,1213,Courses
2980,1152,Mission
733,1076,Jobs
1480,1076,Courses
2351,1076,Skills
1887,1097,Mission
635,1097,Courses
2404,1129,Mission
1740,1129,Courses
3197,1165,Courses
2463,1165,Mission
3202,1207,Mission
1608,1207,Target group
423,1207,Skills
1272,1207,Courses
3050,1088,Mission
116,1088,Skills
916,1088,Courses
1621,1088,Jobs
1030,1160,Courses
2259,1160,Skills
2846,1160,Mission
2582,1215,Fluff
835,1215,Courses
1386,1215,Skills
1386,1215,Mission
1663,1162,Mission
1663,1162,Interdisciplinary
2929,1162,Impact
2360,1162,Skills
636,1162,Courses
1385,1162,Ethical issues
2783,1068,Mission
2458,1068,Interdisciplinary
315,1068,Skills
1333,1068,Courses
1076,1219,Definition
2779,1219,Mission
3265,1219,Skills
1239,1219,Skills
227,1184,Skills
1034,1184,Courses
1404,1123,Mission
1660,1123,Skills
2542,1214,Interdisciplinary
2542,1214,Requirements
1445,1214,Mission
3107,1214,Mission
191,1214,Skills
2022,1214,Requirements
2022,1214,Target group
849,1214,Courses
822,1214,Courses
1027,1206,Fluff
1928,1206,Mission
1928,1206,Interdisciplinary
2326,1206,Skills
474,1206,Target group
2015,1206,Fluff
2104,1206,Skills
100,1206,Skills
2998,1206,Jobs
2113,1206,Courses
2747,1201,Mission
3395,1201,Skills
714,1201,Industry
2506,1201,Industry
129,1201,Skills
171,1201,Skills
205,1201,Courses
212,1201,Requirements
3102,1201,Mission
1932,1201,Jobs
3270,1201,Target group
620,1201,Definition
1473,1201,Fluff
3291,1201,Definition
2983,1136,Mission
2871,1136,Impact
2075,1136,Courses
1488,1177,Definition
1488,1177,Fluff
2804,1177,Mission
457,1177,Skills
1785,1177,Target group
269,1177,Skills
2897,1177,Mission
2897,1177,Interdisciplinary
1846,1177,Skills
2724,1177,Requirements
2165,1177,Courses
709,1115,Mission
817,1115,Courses
2196,1217,Courses
1247,1217,Courses
973,1217,Courses
2478,1224,Courses
1082,1224,Definition
2480,1224,Mission
3057,1218,Target group
2568,1218,Mission
3,1218,Courses
6,1218,Courses
50,1218,Courses
48,1218,Courses
17,1218,Courses
40,1218,Courses
1895,1225,Mission
208,1225,Skills
627,1225,Courses
177,1221,Skills
2028,1221,Courses
1426,1221,Skills
2418,1226,Mission
3407,1226,Skills
3180,1226,Courses
2988,1227,Mission
2988,1227,Interdisciplinary
2988,1227,Jobs
119,1227,Skills
400,1227,Courses
2293,1228,Skills
3042,1228,Target group
67,1228,Fluff
209,1228,Skills
1007,1228,Courses
1929,1229,Courses
1591,1229,Courses
2643,1229,Courses
200,1229,Requirements
207,1230,Skills
3217,1230,Mission
1439,1230,Courses
2394,1232,Mission
2278,1232,Skills
426,1232,Jobs
3171,1233,Mission
3171,1233,Industry
3171,1233,Interdisciplinary
2629,1233,Interdisciplinary
2629,1233,Industry
2629,1233,Mission
1448,1233,Ethical issues
1448,1233,Broader impact
1448,1233,Mission
2106,1233,[!!]
1443,1233,Courses
2825,1233,Requirements
2592,1233,Courses
1077,1234,Definition
1521,1234,Skills
1521,1234,Mission
1930,1234,Jobs
1810,1234,Fluff
2061,1234,Courses
2657,1236,Mission
850,1236,Requirements
850,1236,Courses
451,1236,Courses
2043,1236,Courses
626,1238,Definition
2414,1238,Mission
145,1238,Skills
142,1238,Courses
1463,1238,Skills
1751,1240,Target group
115,1240,Skills
1024,1240,Mission
567,1240,Fluff
736,1240,Jobs
860,1240,Courses
2064,1244,Courses
3032,1244,Mission
2421,1244,Tools
266,1246,Mission
2224,1246,Skills
3307,1246,Target group
1675,1246,Courses
1859,1069,Mission
280,1069,Interdisciplinary
1858,1069,Skills
3014,1069,Jobs
3014,1069,Impact
188,1069,Skills
131,1069,Jobs
164,1069,Impact
164,1069,Ethical issues
2840,1069,Mission
597,1069,Skills
1614,1069,Target group
169,1069,Skills
644,1069,Courses
2617,1074,Mission
2291,1074,[??]
1805,1074,Courses
468,1074,Requirements
531,1074,Courses
2922,1074,Requirements
3069,1074,Requirements
1705,1074,Mission
1924,1074,[??]
1992,1074,Requirements
1485,1074,[??]
211,1127,Skills
1080,1127,Interdisciplinary
1080,1127,Definition
934,1127,Courses
1652,1098,Mission
3079,1098,Interdisciplinary
3079,1098,Jobs
2311,1098,Skills
3279,1098,Target group
734,1098,Jobs
861,1098,Courses
1747,1050,Courses
1144,1050,Target group
2764,1050,Requirements
1812,1050,Target group
1812,1050,Mission
2561,1192,Mission
2951,1192,Courses
1906,1248,Mission
1906,1248,Industry
1906,1248,Interdisciplinary
1089,1248,Fluff
3328,1248,Mission
3024,1248,Skills
167,1248,Skills
168,1248,Industry
78,1248,Jobs
972,1248,Courses
184,1250,Skills
1339,1250,Courses
121,1250,Courses
2744,1250,Mission
3404,1257,Skills
1872,1257,Mission
307,1257,Courses
2456,1259,Mission
2243,1259,Skills
2078,1259,Courses
392,1259,Requirements
2590,1259,Courses
1344,1258,Courses
2902,1264,Target group
841,1264,Courses
1884,1264,Mission
395,1265,Courses
486,1266,Fluff
1898,1266,Mission
3073,1266,Skills
1577,1266,Courses
1798,1268,Courses
319,1268,Skills
1816,1268,Fluff
260,1268,Skills
2948,1270,Mission
1674,1270,Courses
2514,1148,Mission
3093,1148,Skills
1585,1148,Courses
156,1047,Courses
1781,1047,Mission
3143,1047,Impact
342,1135,Courses
2844,1271,Mission
746,1271,Courses
2070,1237,Courses
2600,1237,Mission
2553,1237,Skills
470,1263,Courses
3116,1263,Impact
1200,1242,Courses
237,1242,Interdisciplinary
2761,1276,Mission
2344,1276,Target group
853,1276,Courses
2562,1277,Mission
2453,1277,Target group
1972,1277,Courses
2990,1273,Industry
2990,1273,Mission
1981,1273,Skills
2114,1273,Courses
1838,1274,Definition
3352,1274,Courses
3357,1274,Courses
2648,1222,Interdisciplinary
628,1222,Definition
1623,1222,Jobs
1756,1222,Courses
667,1260,Courses
197,1260,Impact
197,1260,Skills
2659,1281,Mission
1421,1281,Skills
182,1281,Courses
1252,1281,Courses
2687,1278,Fluff
2992,1278,Mission
3249,1278,Target group
3249,1278,Requirements
141,1278,Skills
136,1278,Industry
81,1278,Industry
376,1278,Industry
3250,1278,Requirements
2686,1278,Courses
1944,1282,Mission
1966,1282,Courses
1857,1283,Mission
2073,1283,Courses
1917,1255,Mission
1737,1255,Courses
2423,1269,Mission
1750,1269,Courses
558,1269,Skills
2719,1275,Mission
463,1275,Skills
2058,1275,Courses
1088,1245,Definition
2525,1245,Mission
2904,1245,Target group
428,1245,Courses
611,1289,Jobs
611,1289,Fluff
1458,1289,Target group
1458,1289,Requirements
1669,1289,Mission
3123,1289,Requirements
1090,1289,Fluff
1090,1289,Jobs
1912,1289,Mission
459,1289,Ethical issues
459,1289,[!!]
1322,1289,Courses
832,1291,Courses
2512,1291,Interdisciplinary
2861,1293,Mission
2338,1293,Skills
996,1293,Courses
201,1287,Mission
917,1287,Courses
715,1295,Mission
951,1295,Courses
681,1297,Definition
2258,1297,Skills
126,1297,Skills
151,1297,Courses
409,1298,Jobs
2828,1298,Target group
267,1298,Requirements
2640,1298,Industry
234,1298,Skills
234,1298,Industry
2502,1298,Requirements
1799,1298,Jobs
1520,1298,Ethical issues
1520,1298,[!!]
1520,1298,Target group
2994,1298,Industry
3351,1298,Courses
3293,1299,Skills
1535,1299,Mission
887,1299,Courses
2387,1300,Mission
1046,1300,Courses
72,1300,Courses
1536,1302,Mission
1475,1302,Skills
586,1302,Courses
1146,1304,Mission
120,1304,Courses
89,1304,Jobs
2498,1306,Fluff
2571,1306,Mission
1987,1306,Skills
1934,1306,Target group
276,1306,Interdisciplinary
2742,1307,Mission
186,1307,Courses
2167,1307,Courses
3368,1307,Skills
3368,1307,Impact
2855,1309,Mission
1204,1309,Courses
367,1310,Definition
412,1310,Jobs
2549,1310,Skills
886,1310,Courses
1078,1313,Definition
1141,1313,Skills
2019,1313,Ethical issues
2598,1313,Mission
347,1313,Courses
375,1314,Industry
375,1314,Interdisciplinary
316,1314,Courses
2832,1314,Mission
434,1314,Target group
1891,1315,Mission
2504,1315,Skills
1746,1316,Courses
1178,1316,Mission
3048,1317,Target group
3048,1317,Mission
2470,1317,Requirements
2652,1317,Requirements
1172,1317,Skills
2067,1317,Courses
3254,1318,Mission
113,1318,Skills
998,1318,Courses
2907,1319,Mission
2826,1319,Target group
1795,1319,Skills
1795,1319,Industry
2039,1319,Courses
1522,1321,Mission
321,1321,Jobs
42,1321,Industry
39,1321,Ethical issues
39,1321,Skills
2995,1321,Mission
2995,1321,Industry
74,1321,Skills
1897,1321,Target group
2274,1320,Skills
118,1320,Skills
16,1320,Courses
2968,1320,Mission
2968,1320,Skills
2377,1322,Mission
3257,1322,Skills
1000,1322,Courses
179,1329,Courses
2437,1326,Target group
2462,1326,Mission
2160,1326,Courses
1072,1336,Definition
2398,1336,Mission
1951,1336,Courses
2563,1338,Mission
3332,1338,Industry
3332,1338,Jobs
2353,1338,Courses
1961,1339,Mission
85,1339,Skills
94,1339,Courses
122,1339,Industry
2134,1339,Courses
1514,1154,Mission
3109,1154,Requirements
1094,1154,Definition
930,1154,Skills
2919,1154,Target group
2919,1154,Industry
143,1154,Interdisciplinary
438,1013,Requirements
1329,1013,Mission
1159,1,Impact
3309,1,Skills
648,1,NA
906,536,Courses
1534,536,Mission
3366,536,Skills
3367,536,Impact
1695,536,Impact
2579,573,Fluff
1532,573,Mission
1532,573,Skills
576,573,Requirements
781,573,Courses
563,573,Requirements
1235,573,Courses
805,573,Requirements
1975,548,NA
3218,548,Requirements
1976,548,Courses
268,548,Requirements
257,548,Skills
2540,548,Mission
602,580,Courses
1832,580,Skills
2796,590,Mission
1861,590,Skills
1297,590,Skills
605,590,Tools
598,590,Courses
247,591,Mission
278,591,Skills
278,591,Impact
758,591,Skills
778,1052,Courses
1724,1071,Courses
2927,1071,Mission
994,1018,Courses
203,1018,Mission
2560,1018,Mission
385,1018,Jobs
1028,574,Definition
2383,574,Skills
384,574,Ethical issues
828,574,Mission
3303,574,Ethical issues
2805,574,Skills
512,574,Ethical issues
2213,574,Skills
2214,574,Ethical issues
